CorrectRoom,BLERoom,WiFiRoom
RoomA,RoomA,RoomA
RoomA,RoomA,RoomA
RoomA,RoomA,RoomA
RoomA,RoomA,RoomA
RoomA,RoomA,RoomA
RoomA,RoomA,RoomA
RoomA,RoomA,RoomA
RoomA,RoomA,RoomA
RoomA,RoomA,RoomA
RoomA,RoomA,RoomA
RoomB,RoomB,RoomB
RoomB,RoomB,RoomB
RoomB,RoomB,RoomB
RoomB,RoomB,RoomB
RoomB,RoomB,RoomB
RoomB,RoomB,RoomB
RoomB,RoomB,RoomB
RoomB,RoomB,RoomB
RoomB,RoomB,RoomB
RoomB,RoomB,RoomB
RoomC,RoomC,RoomD
RoomC,RoomC,RoomC
RoomC,RoomC,RoomC
RoomC,RoomC,RoomC
RoomC,RoomC,RoomC
RoomC,RoomC,RoomC
RoomC,RoomC,RoomD
RoomC,RoomC,RoomD
RoomC,RoomC,RoomC
RoomC,RoomC,RoomC
RoomD,RoomC,RoomD
RoomD,RoomD,RoomD
RoomD,RoomD,RoomD
RoomD,RoomC,RoomD
RoomD,RoomC,RoomD
RoomD,RoomC,RoomD
RoomD,RoomD,RoomD
RoomD,RoomC,RoomD
RoomD,RoomC,RoomD
RoomD,RoomC,RoomD
RoomE,RoomE,RoomE
RoomE,RoomE,RoomE
RoomE,RoomE,RoomE
RoomE,RoomE,RoomE
RoomE,RoomE,RoomE
RoomE,RoomE,RoomE
RoomE,RoomE,RoomE
RoomE,RoomE,RoomE
RoomE,RoomE,RoomE
RoomE,RoomE,RoomE
