Date,RoomID,Beacon/0/UUID,Beacon/0/major,Beacon/0/minor,Beacon/0/RSSI,Beacon/1/UUID,Beacon/1/major,Beacon/1/minor,Beacon/1/RSSI,Beacon/2/UUID,Beacon/2/major,Beacon/2/minor,Beacon/2/RSSI,Wifi/0/SSID,Wifi/0/BSSID,Wifi/0/RSSI,Wifi/1/SSID,Wifi/1/BSSID,Wifi/1/RSSI,Wifi/2/SSID,Wifi/2/BSSID,Wifi/2/RSSI,Wifi/3/SSID,Wifi/3/BSSID,Wifi/3/RSSI,Wifi/4/SSID,Wifi/4/BSSID,Wifi/4/RSSI,Wifi/5/SSID,Wifi/5/BSSID,Wifi/5/RSSI,Wifi/6/SSID,Wifi/6/BSSID,Wifi/6/RSSI,Wifi/7/SSID,Wifi/7/BSSID,Wifi/7/RSSI,Wifi/8/SSID,Wifi/8/BSSID,Wifi/8/RSSI,Wifi/9/SSID,Wifi/9/BSSID,Wifi/9/RSSI,Wifi/10/SSID,Wifi/10/BSSID,Wifi/10/RSSI,Wifi/11/SSID,Wifi/11/BSSID,Wifi/11/RSSI,Wifi/12/SSID,Wifi/12/BSSID,Wifi/12/RSSI,Wifi/13/SSID,Wifi/13/BSSID,Wifi/13/RSSI,Wifi/14/SSID,Wifi/14/BSSID,Wifi/14/RSSI,Wifi/15/SSID,Wifi/15/BSSID,Wifi/15/RSSI,Wifi/16/SSID,Wifi/16/BSSID,Wifi/16/RSSI,Wifi/17/SSID,Wifi/17/BSSID,Wifi/17/RSSI,Wifi/18/SSID,Wifi/18/BSSID,Wifi/18/RSSI,Wifi/19/SSID,Wifi/19/BSSID,Wifi/19/RSSI,Wifi/20/SSID,Wifi/20/BSSID,Wifi/20/RSSI,Wifi/21/SSID,Wifi/21/BSSID,Wifi/21/RSSI,Wifi/22/SSID,Wifi/22/BSSID,Wifi/22/RSSI,Wifi/23/SSID,Wifi/23/BSSID,Wifi/23/RSSI,Wifi/24/SSID,Wifi/24/BSSID,Wifi/24/RSSI,Wifi/25/SSID,Wifi/25/BSSID,Wifi/25/RSSI,Wifi/26/SSID,Wifi/26/BSSID,Wifi/26/RSSI,Wifi/27/SSID,Wifi/27/BSSID,Wifi/27/RSSI,Wifi/28/SSID,Wifi/28/BSSID,Wifi/28/RSSI,Wifi/29/SSID,Wifi/29/BSSID,Wifi/29/RSSI,Wifi/30/SSID,Wifi/30/BSSID,Wifi/30/RSSI,Wifi/31/SSID,Wifi/31/BSSID,Wifi/31/RSSI,Wifi/32/SSID,Wifi/32/BSSID,Wifi/32/RSSI,Wifi/33/SSID,Wifi/33/BSSID,Wifi/33/RSSI,Wifi/34/SSID,Wifi/34/BSSID,Wifi/34/RSSI,Wifi/35/SSID,Wifi/35/BSSID,Wifi/35/RSSI,Wifi/36/SSID,Wifi/36/BSSID,Wifi/36/RSSI
2017/5/1 10:46,RoomA,a9d71355-6595-1801-b7ea-001c4d678e7c,30,1,-63,a9d71355-6595-1801-b7ea-001c4d678e7c,30,3,-69,a9d71355-6595-1801-b7ea-001c4d678e7c,34,1,-59,KJLB-StuRoom-108ac,c0:25:a2:a7:2e:2b,-50,n-itolab,00:a0:de:e2:6b:70,-59,KJLB-StuRoom-108g,74:03:bd:2f:33:a9,-45,n-itolab-ac,80:ea:96:f2:cc:77,-82,3F-Naito-Lab 5GHz,90:72:40:25:d1:27,-85,webmo,fc:db:b3:91:c2:64,-46,n-itolab-n,00:a0:de:e2:6b:68,-55,n-itolab-g,00:a0:de:e2:6b:69,-56,3F-Naito-Lab,90:72:40:25:d1:26,-63,n-itolab-ac,80:ea:96:f2:cc:76,-69,clabpro_G,00:24:a5:7b:d1:70,-79,KJLB-cocoRobo-108g,76:03:bd:1f:33:a9,-46,,,,,,,,,,,,,,,,,,,,,,,,,,,,,,,,,,,,,,,,,,,,,,,,,,,,,,,,,,,,,,,,,,,,,,,,,,,
2017/5/1 10:47,RoomA,a9d71355-6595-1801-b7ea-001c4d678e7c,30,1,-64,a9d71355-6595-1801-b7ea-001c4d678e7c,30,3,-61,a9d71355-6595-1801-b7ea-001c4d678e7c,34,1,-62,KJLB-StuRoom-108ac,c0:25:a2:a7:2e:2b,-49,n-itolab,00:a0:de:e2:6b:70,-62,KJLB-StuRoom-108g,74:03:bd:2f:33:a9,-46,n-itolab-ac,80:ea:96:f2:cc:77,-79,webmo,fc:db:b3:91:c2:64,-43,n-itolab-n,00:a0:de:e2:6b:68,-52,n-itolab-g,00:a0:de:e2:6b:69,-49,3F-Naito-Lab,90:72:40:25:d1:26,-73,n-itolab-ac,80:ea:96:f2:cc:76,-58,KJLB-cocoRobo-108g,76:03:bd:1f:33:a9,-47,ait-wnet_A,00:24:a5:7b:aa:30,-81,4b-matslaboEX,cc:e1:d5:51:4e:c0,-72,3F-Naito-Lab 5GHz,90:72:40:25:d1:27,-87,ait-wnet,4c:e6:76:82:40:60,-83,,,,,,,,,,,,,,,,,,,,,,,,,,,,,,,,,,,,,,,,,,,,,,,,,,,,,,,,,,,,,,,,,,,,,
2017/5/1 10:47,RoomA,a9d71355-6595-1801-b7ea-001c4d678e7c,30,1,-57,a9d71355-6595-1801-b7ea-001c4d678e7c,30,3,-62,a9d71355-6595-1801-b7ea-001c4d678e7c,34,1,-74,KJLB-StuRoom-108ac,c0:25:a2:a7:2e:2b,-41,n-itolab,00:a0:de:e2:6b:70,-61,KJLB-StuRoom-108g,74:03:bd:2f:33:a9,-46,n-itolab-ac,80:ea:96:f2:cc:77,-79,webmo,fc:db:b3:91:c2:64,-42,n-itolab-n,00:a0:de:e2:6b:68,-52,n-itolab-g,00:a0:de:e2:6b:69,-49,3F-Naito-Lab,90:72:40:25:d1:26,-66,n-itolab-ac,80:ea:96:f2:cc:76,-55,KJLB-cocoRobo-108g,76:03:bd:1f:33:a9,-47,ait-wnet_A,00:24:a5:7b:aa:30,-81,3F-Naito-Lab 5GHz,90:72:40:25:d1:27,-88,ait-wnet,4c:e6:76:82:40:60,-83,,,,,,,,,,,,,,,,,,,,,,,,,,,,,,,,,,,,,,,,,,,,,,,,,,,,,,,,,,,,,,,,,,,,,,,,
2017/5/1 10:48,RoomA,a9d71355-6595-1801-b7ea-001c4d678e7c,30,1,-60,a9d71355-6595-1801-b7ea-001c4d678e7c,30,3,-67,a9d71355-6595-1801-b7ea-001c4d678e7c,34,1,-70,KJLB-StuRoom-108ac,c0:25:a2:a7:2e:2b,-48,n-itolab,00:a0:de:e2:6b:70,-63,KJLB-StuRoom-108g,74:03:bd:2f:33:a9,-31,n-itolab-ac,80:ea:96:f2:cc:77,-79,webmo,fc:db:b3:91:c2:64,-55,n-itolab-n,00:a0:de:e2:6b:68,-58,n-itolab-g,00:a0:de:e2:6b:69,-60,3F-Naito-Lab,90:72:40:25:d1:26,-64,KJLB-cocoRobo-108g,76:03:bd:1f:33:a9,-34,ait-wnet_A,00:24:a5:7b:aa:30,-85,3F-Naito-Lab 5GHz,90:72:40:25:d1:27,-85,n-itolab-ac,80:ea:96:f2:cc:76,-68,4-kawabe-lab-204,00:16:01:57:b7:11,-80,ait-wnet,4c:e6:76:82:40:60,-83,ait,00:90:fe:f7:da:b6,-82,,,,,,,,,,,,,,,,,,,,,,,,,,,,,,,,,,,,,,,,,,,,,,,,,,,,,,,,,,,,,,,,,,
2017/5/1 10:49,RoomA,a9d71355-6595-1801-b7ea-001c4d678e7c,30,1,-60,a9d71355-6595-1801-b7ea-001c4d678e7c,30,3,-66,a9d71355-6595-1801-b7ea-001c4d678e7c,34,1,-61,KJLB-StuRoom-108ac,c0:25:a2:a7:2e:2b,-45,n-itolab,00:a0:de:e2:6b:70,-61,KJLB-StuRoom-108g,74:03:bd:2f:33:a9,-38,n-itolab-ac,80:ea:96:f2:cc:77,-78,webmo,fc:db:b3:91:c2:64,-49,n-itolab-n,00:a0:de:e2:6b:68,-58,n-itolab-g,00:a0:de:e2:6b:69,-55,3F-Naito-Lab,90:72:40:25:d1:26,-67,KJLB-cocoRobo-108g,76:03:bd:1f:33:a9,-35,ait-wnet_A,00:24:a5:7b:aa:30,-87,3F-Naito-Lab 5GHz,90:72:40:25:d1:27,-87,n-itolab-ac,80:ea:96:f2:cc:76,-57,sawano-lab-2,00:07:40:fe:a3:65,-80,,,,,,,,,,,,,,,,,,,,,,,,,,,,,,,,,,,,,,,,,,,,,,,,,,,,,,,,,,,,,,,,,,,,,,,,
2017/5/1 10:49,RoomA,a9d71355-6595-1801-b7ea-001c4d678e7c,30,1,-64,a9d71355-6595-1801-b7ea-001c4d678e7c,30,3,-60,a9d71355-6595-1801-b7ea-001c4d678e7c,34,1,-69,KJLB-StuRoom-108ac,c0:25:a2:a7:2e:2b,-44,n-itolab,00:a0:de:e2:6b:70,-58,KJLB-StuRoom-108g,74:03:bd:2f:33:a9,-36,n-itolab-ac,80:ea:96:f2:cc:77,-78,webmo,fc:db:b3:91:c2:64,-49,n-itolab-n,00:a0:de:e2:6b:68,-55,n-itolab-g,00:a0:de:e2:6b:69,-55,KJLB-cocoRobo-108g,76:03:bd:1f:33:a9,-35,ait-wnet_A,00:24:a5:7b:aa:30,-87,n-itolab-ac,80:ea:96:f2:cc:76,-57,,,,,,,,,,,,,,,,,,,,,,,,,,,,,,,,,,,,,,,,,,,,,,,,,,,,,,,,,,,,,,,,,,,,,,,,,,,,,,,,,
2017/5/1 10:49,RoomA,a9d71355-6595-1801-b7ea-001c4d678e7c,30,1,-73,a9d71355-6595-1801-b7ea-001c4d678e7c,30,3,-62,a9d71355-6595-1801-b7ea-001c4d678e7c,34,1,-72,KJLB-StuRoom-108ac,c0:25:a2:a7:2e:2b,-45,n-itolab,00:a0:de:e2:6b:70,-60,KJLB-StuRoom-108g,74:03:bd:2f:33:a9,-44,n-itolab-ac,80:ea:96:f2:cc:77,-75,webmo,fc:db:b3:91:c2:64,-48,n-itolab-n,00:a0:de:e2:6b:68,-50,n-itolab-g,00:a0:de:e2:6b:69,-50,KJLB-cocoRobo-108g,76:03:bd:1f:33:a9,-43,ait-wnet_A,00:24:a5:7b:aa:30,-84,n-itolab-ac,80:ea:96:f2:cc:76,-52,ait formula,00:90:fe:f7:da:b2,-87,AIT Formula,00:90:fe:f7:da:b0,-85,3F-Naito-Lab 5GHz,90:72:40:25:d1:27,-86,3F-Naito-Lab,90:72:40:25:d1:26,-64,4b-matslaboEX,cc:e1:d5:51:4e:c0,-72,4-kawabe-lab-205,00:16:01:83:34:49,-68,4b-matslaboEX,b0:c7:45:c9:0d:d0,-75,,,,,,,,,,,,,,,,,,,,,,,,,,,,,,,,,,,,,,,,,,,,,,,,,,,,,,,,,,,,
2017/5/1 10:50,RoomA,a9d71355-6595-1801-b7ea-001c4d678e7c,30,1,-63,a9d71355-6595-1801-b7ea-001c4d678e7c,30,3,-53,a9d71355-6595-1801-b7ea-001c4d678e7c,34,1,-55,KJLB-StuRoom-108ac,c0:25:a2:a7:2e:2b,-52,n-itolab,00:a0:de:e2:6b:70,-59,KJLB-StuRoom-108g,74:03:bd:2f:33:a9,-41,n-itolab-ac,80:ea:96:f2:cc:77,-83,webmo,fc:db:b3:91:c2:64,-42,n-itolab-n,00:a0:de:e2:6b:68,-53,n-itolab-g,00:a0:de:e2:6b:69,-53,KJLB-cocoRobo-108g,76:03:bd:1f:33:a9,-39,ait-wnet_A,00:24:a5:7b:aa:30,-86,n-itolab-ac,80:ea:96:f2:cc:76,-60,ait formula,00:90:fe:f7:da:b2,-87,AIT Formula,00:90:fe:f7:da:b0,-88,3F-Naito-Lab 5GHz,90:72:40:25:d1:27,-85,3F-Naito-Lab,90:72:40:25:d1:26,-60,4b-matslaboEX,cc:e1:d5:51:4e:c0,-71,ait-wnet,4c:e6:76:82:40:60,-78,4-kawabe-lab-204,00:16:01:57:b7:11,-81,sawano-lab-2,00:07:40:fe:a3:65,-84,ait-wnet_A,4c:e6:76:82:84:d0,-89,clabpro_G,00:24:a5:7b:d1:70,-76,,,,,,,,,,,,,,,,,,,,,,,,,,,,,,,,,,,,,,,,,,,,,,,,,,,
2017/5/1 10:50,RoomA,a9d71355-6595-1801-b7ea-001c4d678e7c,30,1,-59,a9d71355-6595-1801-b7ea-001c4d678e7c,30,3,-74,a9d71355-6595-1801-b7ea-001c4d678e7c,34,1,-69,KJLB-StuRoom-108ac,c0:25:a2:a7:2e:2b,-41,n-itolab,00:a0:de:e2:6b:70,-62,KJLB-StuRoom-108g,74:03:bd:2f:33:a9,-38,n-itolab-ac,80:ea:96:f2:cc:77,-73,webmo,fc:db:b3:91:c2:64,-43,n-itolab-n,00:a0:de:e2:6b:68,-50,n-itolab-g,00:a0:de:e2:6b:69,-54,KJLB-cocoRobo-108g,76:03:bd:1f:33:a9,-38,ait-wnet_A,00:24:a5:7b:aa:30,-85,n-itolab-ac,80:ea:96:f2:cc:76,-58,3F-Naito-Lab 5GHz,90:72:40:25:d1:27,-85,3F-Naito-Lab,90:72:40:25:d1:26,-65,ait-wnet,4c:e6:76:82:40:60,-83,4-kawabe-lab-205,00:16:01:83:34:49,-77,4b-matslaboEX,cc:e1:d5:51:4e:c0,-77,ait-wnet,00:24:a5:7b:b2:80,-79,,,,,,,,,,,,,,,,,,,,,,,,,,,,,,,,,,,,,,,,,,,,,,,,,,,,,,,,,,,,,,,
2017/5/1 10:51,RoomA,a9d71355-6595-1801-b7ea-001c4d678e7c,30,1,-75,a9d71355-6595-1801-b7ea-001c4d678e7c,30,3,-57,a9d71355-6595-1801-b7ea-001c4d678e7c,34,1,-70,KJLB-StuRoom-108ac,c0:25:a2:a7:2e:2b,-46,n-itolab,00:a0:de:e2:6b:70,-64,KJLB-StuRoom-108g,74:03:bd:2f:33:a9,-32,n-itolab-ac,80:ea:96:f2:cc:77,-78,webmo,fc:db:b3:91:c2:64,-54,n-itolab-n,00:a0:de:e2:6b:68,-54,n-itolab-g,00:a0:de:e2:6b:69,-56,KJLB-cocoRobo-108g,76:03:bd:1f:33:a9,-30,ait-wnet_A,00:24:a5:7b:aa:30,-85,n-itolab-ac,80:ea:96:f2:cc:76,-56,3F-Naito-Lab,90:72:40:25:d1:26,-62,4b-matslaboEX,cc:e1:d5:51:4e:c0,-74,3F-Naito-Lab 5GHz,90:72:40:25:d1:27,-85,clabpro_G,00:24:a5:7b:d1:70,-75,4-kawabe-lab-205,00:16:01:83:34:49,-81,,,,,,,,,,,,,,,,,,,,,,,,,,,,,,,,,,,,,,,,,,,,,,,,,,,,,,,,,,,,,,,,,,
2017/5/1 10:54,RoomB,a9d71355-6595-1801-b7ea-001c4d678e7c,31,1,-73,a9d71355-6595-1801-b7ea-001c4d678e7c,31,2,-60,a9d71355-6595-1801-b7ea-001c4d678e7c,30,2,-64,onogi-lab_g,74:03:bd:de:c0:57,-66,4-morimoto-lab_g,74:03:bd:5e:14:e0,-62,4-morimoto-lab_a,74:03:bd:5e:14:e5,-56,aterm-b4920e-a,c0:25:a2:a7:2e:27,-46,aterm-b4920e-g,c0:25:a2:a7:2e:26,-40,Popcul2,0c:51:01:e6:e9:8a,-55,mizuno-208ac,c0:25:a2:b4:4a:ab,-64,B0C7456E5E56-1,b0:c7:45:6e:5e:56,-69,B0C7456E5E56,b6:c7:45:6e:5e:56,-69,mizuno-208G,c0:25:a2:b4:4a:aa,-66,PopCul,b4:18:d1:e0:d1:62,-66,suzuki-lab,00:1d:73:a9:09:78,-81,suzuki-lab,00:1d:73:a9:09:7c,-75,Popcul2,0c:51:01:e6:e9:8b,-67,onogi-lab_a,74:03:bd:de:c0:50,-60,PopCul,b4:18:d1:e0:d1:63,-75,ait-wnet_A,00:a6:ca:47:a3:de,-85,MizunoLabo_G,74:03:bd:8b:7c:b0,-78,ait-wnet,00:a6:ca:47:a3:d0,-81,2450,74:03:bd:cb:0b:18,-89,2.4GHz-ngb-clab,74:03:bd:2e:cc:32,-87,,,,,,,,,,,,,,,,,,,,,,,,,,,,,,,,,,,,,,,,,,,,,,,,
2017/5/1 10:54,RoomB,a9d71355-6595-1801-b7ea-001c4d678e7c,31,1,-61,a9d71355-6595-1801-b7ea-001c4d678e7c,31,2,-56,a9d71355-6595-1801-b7ea-001c4d678e7c,30,2,-65,onogi-lab_g,74:03:bd:de:c0:57,-68,4-morimoto-lab_g,74:03:bd:5e:14:e0,-58,4-morimoto-lab_a,74:03:bd:5e:14:e5,-54,aterm-b4920e-a,c0:25:a2:a7:2e:27,-41,aterm-b4920e-g,c0:25:a2:a7:2e:26,-44,Popcul2,0c:51:01:e6:e9:8a,-50,mizuno-208ac,c0:25:a2:b4:4a:ab,-67,B0C7456E5E56-1,b0:c7:45:6e:5e:56,-65,B0C7456E5E56,b6:c7:45:6e:5e:56,-65,mizuno-208G,c0:25:a2:b4:4a:aa,-63,PopCul,b4:18:d1:e0:d1:62,-63,suzuki-lab,00:1d:73:a9:09:78,-77,suzuki-lab,00:1d:73:a9:09:7c,-78,Popcul2,0c:51:01:e6:e9:8b,-73,onogi-lab_a,74:03:bd:de:c0:50,-60,PopCul,b4:18:d1:e0:d1:63,-78,ait-wnet_A,00:a6:ca:47:a3:de,-87,MizunoLabo_G,74:03:bd:8b:7c:b0,-79,ait-wnet,00:a6:ca:47:a3:d0,-77,elecom5g-CB0DAC,00:90:fe:cb:0d:af,-82,AM-MIZUNO __ GHz__,90:84:0d:d5:9a:04,-84,e-timer-CB0DAC,02:90:fe:cb:0d:ae,-78,wx03-2eeb8c,98:f1:99:32:33:6e,-78,his-wireless02,88:1f:a1:34:a2:68,-81,4b-matslabo,00:1d:73:b4:b1:cf,-83,,,,,,,,,,,,,,,,,,,,,,,,,,,,,,,,,,,,
2017/5/1 10:55,RoomB,a9d71355-6595-1801-b7ea-001c4d678e7c,31,1,-64,a9d71355-6595-1801-b7ea-001c4d678e7c,31,2,-72,a9d71355-6595-1801-b7ea-001c4d678e7c,30,2,-69,onogi-lab_g,74:03:bd:de:c0:57,-63,4-morimoto-lab_g,74:03:bd:5e:14:e0,-50,4-morimoto-lab_a,74:03:bd:5e:14:e5,-43,aterm-b4920e-a,c0:25:a2:a7:2e:27,-50,aterm-b4920e-g,c0:25:a2:a7:2e:26,-46,Popcul2,0c:51:01:e6:e9:8a,-45,mizuno-208ac,c0:25:a2:b4:4a:ab,-58,B0C7456E5E56-1,b0:c7:45:6e:5e:56,-70,B0C7456E5E56,b6:c7:45:6e:5e:56,-69,mizuno-208G,c0:25:a2:b4:4a:aa,-63,PopCul,b4:18:d1:e0:d1:62,-74,suzuki-lab,00:1d:73:a9:09:78,-84,Popcul2,0c:51:01:e6:e9:8b,-69,onogi-lab_a,74:03:bd:de:c0:50,-52,PopCul,b4:18:d1:e0:d1:63,-74,ait-wnet_A,00:a6:ca:47:a3:de,-87,MizunoLabo_G,74:03:bd:8b:7c:b0,-78,ait-wnet,00:a6:ca:47:a3:d0,-74,4b-matslabo,00:1d:73:b4:b1:cf,-86,aterm-a6d6cb-g,c0:25:a2:f3:36:7e,-82,suzuki-lab,00:1d:73:a9:09:7c,-71,KITALAB-AIR,00:1d:73:1c:5b:5d,-86,elecom5g-CB0DAC,00:90:fe:cb:0d:af,-88,AM-MIZUNO,90:84:0d:d5:9a:03,-80,sawano-lab,4c:32:75:c6:2b:02,-85,2450,74:03:bd:cb:0b:18,-86,,,,,,,,,,,,,,,,,,,,,,,,,,,,,,,,,
2017/5/1 10:55,RoomB,a9d71355-6595-1801-b7ea-001c4d678e7c,31,1,-54,a9d71355-6595-1801-b7ea-001c4d678e7c,31,2,-72,a9d71355-6595-1801-b7ea-001c4d678e7c,30,2,-67,onogi-lab_g,74:03:bd:de:c0:57,-63,4-morimoto-lab_g,74:03:bd:5e:14:e0,-48,4-morimoto-lab_a,74:03:bd:5e:14:e5,-45,aterm-b4920e-a,c0:25:a2:a7:2e:27,-45,aterm-b4920e-g,c0:25:a2:a7:2e:26,-43,Popcul2,0c:51:01:e6:e9:8a,-55,mizuno-208ac,c0:25:a2:b4:4a:ab,-58,B0C7456E5E56-1,b0:c7:45:6e:5e:56,-67,B0C7456E5E56,b6:c7:45:6e:5e:56,-67,mizuno-208G,c0:25:a2:b4:4a:aa,-60,PopCul,b4:18:d1:e0:d1:62,-70,suzuki-lab,00:1d:73:a9:09:78,-83,Popcul2,0c:51:01:e6:e9:8b,-69,onogi-lab_a,74:03:bd:de:c0:50,-50,PopCul,b4:18:d1:e0:d1:63,-74,ait-wnet_A,00:a6:ca:47:a3:de,-87,ait-wnet,00:a6:ca:47:a3:d0,-75,suzuki-lab,00:1d:73:a9:09:7c,-73,elecom5g-CB0DAC,00:90:fe:cb:0d:af,-88,AM-MIZUNO,90:84:0d:d5:9a:03,-80,sawano-lab,4c:32:75:c6:2b:02,-85,2450,74:03:bd:cb:0b:18,-86,,,,,,,,,,,,,,,,,,,,,,,,,,,,,,,,,,,,,,,,,,,,,
2017/5/1 10:55,RoomB,a9d71355-6595-1801-b7ea-001c4d678e7c,31,1,-65,a9d71355-6595-1801-b7ea-001c4d678e7c,31,2,-57,a9d71355-6595-1801-b7ea-001c4d678e7c,30,2,-66,onogi-lab_g,74:03:bd:de:c0:57,-60,4-morimoto-lab_g,74:03:bd:5e:14:e0,-51,4-morimoto-lab_a,74:03:bd:5e:14:e5,-50,aterm-b4920e-a,c0:25:a2:a7:2e:27,-45,aterm-b4920e-g,c0:25:a2:a7:2e:26,-36,Popcul2,0c:51:01:e6:e9:8a,-50,mizuno-208ac,c0:25:a2:b4:4a:ab,-55,B0C7456E5E56-1,b0:c7:45:6e:5e:56,-68,B0C7456E5E56,b6:c7:45:6e:5e:56,-66,mizuno-208G,c0:25:a2:b4:4a:aa,-62,PopCul,b4:18:d1:e0:d1:62,-63,suzuki-lab,00:1d:73:a9:09:78,-81,Popcul2,0c:51:01:e6:e9:8b,-68,onogi-lab_a,74:03:bd:de:c0:50,-50,PopCul,b4:18:d1:e0:d1:63,-74,ait-wnet_A,00:a6:ca:47:a3:de,-86,ait-wnet,00:a6:ca:47:a3:d0,-80,suzuki-lab,00:1d:73:a9:09:7c,-77,MizunoLabo_G,74:03:bd:8b:7c:b0,-74,aterm-a6d6cb-g,c0:25:a2:f3:36:7e,-82,AIT_ITC_TEST52_A,00:0d:0b:92:ee:60,-87,e-timer-CB0DAC,02:90:fe:cb:0d:ae,-75,elecom2g-CB0DAC,00:90:fe:cb:0d:ae,-77,4-kawabe-lab-205,00:16:01:83:34:49,-73,4b-matslabo,00:1d:73:b4:b1:cf,-78,2450,74:03:bd:cb:0b:18,-82,wx03-2eeb8c,98:f1:99:32:33:6e,-83,Laneed54g,00:90:fe:5e:1e:ed,-85,,,,,,,,,,,,,,,,,,,,,,,,,,,
2017/5/1 10:56,RoomB,a9d71355-6595-1801-b7ea-001c4d678e7c,31,1,-57,a9d71355-6595-1801-b7ea-001c4d678e7c,31,2,-74,a9d71355-6595-1801-b7ea-001c4d678e7c,30,2,-62,onogi-lab_g,74:03:bd:de:c0:57,-66,4-morimoto-lab_g,74:03:bd:5e:14:e0,-50,4-morimoto-lab_a,74:03:bd:5e:14:e5,-55,aterm-b4920e-a,c0:25:a2:a7:2e:27,-44,aterm-b4920e-g,c0:25:a2:a7:2e:26,-39,Popcul2,0c:51:01:e6:e9:8a,-46,mizuno-208ac,c0:25:a2:b4:4a:ab,-61,B0C7456E5E56-1,b0:c7:45:6e:5e:56,-65,B0C7456E5E56,b6:c7:45:6e:5e:56,-64,mizuno-208G,c0:25:a2:b4:4a:aa,-63,PopCul,b4:18:d1:e0:d1:62,-63,suzuki-lab,00:1d:73:a9:09:78,-80,Popcul2,0c:51:01:e6:e9:8b,-70,onogi-lab_a,74:03:bd:de:c0:50,-52,PopCul,b4:18:d1:e0:d1:63,-74,ait-wnet_A,00:a6:ca:47:a3:de,-87,ait-wnet,00:a6:ca:47:a3:d0,-77,suzuki-lab,00:1d:73:a9:09:7c,-75,MizunoLabo_G,74:03:bd:8b:7c:b0,-75,aterm-a6d6cb-g,c0:25:a2:f3:36:7e,-82,Laneed54g,00:90:fe:5e:1e:ed,-82,AM-MIZUNO __ GHz__,90:84:0d:d5:9a:04,-87,his-wireless02,88:1f:a1:34:a2:68,-80,4b-302,cc:e1:d5:ea:5f:b8,-85,sawano-lab,4c:32:75:c6:2b:02,-80,,,,,,,,,,,,,,,,,,,,,,,,,,,,,,,,,,,,
2017/5/1 10:56,RoomB,a9d71355-6595-1801-b7ea-001c4d678e7c,31,1,-74,a9d71355-6595-1801-b7ea-001c4d678e7c,31,2,-58,a9d71355-6595-1801-b7ea-001c4d678e7c,30,2,-53,onogi-lab_g,74:03:bd:de:c0:57,-66,4-morimoto-lab_g,74:03:bd:5e:14:e0,-48,4-morimoto-lab_a,74:03:bd:5e:14:e5,-55,aterm-b4920e-a,c0:25:a2:a7:2e:27,-41,aterm-b4920e-g,c0:25:a2:a7:2e:26,-31,Popcul2,0c:51:01:e6:e9:8a,-45,mizuno-208ac,c0:25:a2:b4:4a:ab,-67,B0C7456E5E56-1,b0:c7:45:6e:5e:56,-66,B0C7456E5E56,b6:c7:45:6e:5e:56,-67,mizuno-208G,c0:25:a2:b4:4a:aa,-61,PopCul,b4:18:d1:e0:d1:62,-63,suzuki-lab,00:1d:73:a9:09:78,-78,Popcul2,0c:51:01:e6:e9:8b,-71,onogi-lab_a,74:03:bd:de:c0:50,-55,PopCul,b4:18:d1:e0:d1:63,-81,ait-wnet_A,00:a6:ca:47:a3:de,-86,ait-wnet,00:a6:ca:47:a3:d0,-77,suzuki-lab,00:1d:73:a9:09:7c,-74,everystamp755,ac:3f:a4:65:73:4f,-81,AIT_ITC_TEST52_A,00:0d:0b:92:ee:60,-86,4b-matslabo,00:1d:73:b4:b1:cf,-85,e-timer-CB0DAC,02:90:fe:cb:0d:ae,-78,AM-MIZUNO __ GHz__,90:84:0d:d5:9a:04,-87,MizunoLabo_G,74:03:bd:8b:7c:b0,-81,Laneed54g,00:90:fe:5e:1e:ed,-82,,,,,,,,,,,,,,,,,,,,,,,,,,,,,,,,,,,,
2017/5/1 10:56,RoomB,a9d71355-6595-1801-b7ea-001c4d678e7c,31,1,-70,a9d71355-6595-1801-b7ea-001c4d678e7c,31,2,-61,a9d71355-6595-1801-b7ea-001c4d678e7c,30,2,-64,onogi-lab_g,74:03:bd:de:c0:57,-68,4-morimoto-lab_g,74:03:bd:5e:14:e0,-53,4-morimoto-lab_a,74:03:bd:5e:14:e5,-52,aterm-b4920e-a,c0:25:a2:a7:2e:27,-42,aterm-b4920e-g,c0:25:a2:a7:2e:26,-37,Popcul2,0c:51:01:e6:e9:8a,-52,mizuno-208ac,c0:25:a2:b4:4a:ab,-67,B0C7456E5E56-1,b0:c7:45:6e:5e:56,-63,B0C7456E5E56,b6:c7:45:6e:5e:56,-62,mizuno-208G,c0:25:a2:b4:4a:aa,-60,PopCul,b4:18:d1:e0:d1:62,-66,suzuki-lab,00:1d:73:a9:09:78,-82,Popcul2,0c:51:01:e6:e9:8b,-68,onogi-lab_a,74:03:bd:de:c0:50,-55,PopCul,b4:18:d1:e0:d1:63,-77,suzuki-lab,00:1d:73:a9:09:7c,-72,AM-MIZUNO __ GHz__,90:84:0d:d5:9a:04,-87,MizunoLabo_G,74:03:bd:8b:7c:b0,-73,elecom5g-CB0DAC,00:90:fe:cb:0d:af,-83,wx03-2eeb8c,98:f1:99:32:33:6e,-85,4b-302,cc:e1:d5:ea:5f:b8,-83,Buffalo-A-91EE,74:03:bd:8a:91:e7,-85,elecom2g-CB0DAC,00:90:fe:cb:0d:ae,-79,sawano-lab,4c:32:75:c6:2b:02,-81,ait-wnet,00:a6:ca:47:a3:d0,-82,AIT_ITC_TEST52_A,00:0d:0b:92:ee:60,-87,2450,74:03:bd:cb:0b:18,-86,,,,,,,,,,,,,,,,,,,,,,,,,,,,,,
2017/5/1 10:57,RoomB,a9d71355-6595-1801-b7ea-001c4d678e7c,31,1,-68,a9d71355-6595-1801-b7ea-001c4d678e7c,31,2,-67,a9d71355-6595-1801-b7ea-001c4d678e7c,30,2,-64,onogi-lab_g,74:03:bd:de:c0:57,-59,4-morimoto-lab_g,74:03:bd:5e:14:e0,-54,4-morimoto-lab_a,74:03:bd:5e:14:e5,-52,aterm-b4920e-a,c0:25:a2:a7:2e:27,-48,aterm-b4920e-g,c0:25:a2:a7:2e:26,-36,Popcul2,0c:51:01:e6:e9:8a,-53,mizuno-208ac,c0:25:a2:b4:4a:ab,-57,B0C7456E5E56-1,b0:c7:45:6e:5e:56,-64,B0C7456E5E56,b6:c7:45:6e:5e:56,-65,mizuno-208G,c0:25:a2:b4:4a:aa,-63,PopCul,b4:18:d1:e0:d1:62,-60,suzuki-lab,00:1d:73:a9:09:78,-83,Popcul2,0c:51:01:e6:e9:8b,-68,onogi-lab_a,74:03:bd:de:c0:50,-58,PopCul,b4:18:d1:e0:d1:63,-73,suzuki-lab,00:1d:73:a9:09:7c,-77,MizunoLabo_G,74:03:bd:8b:7c:b0,-73,elecom2g-CB0DAC,00:90:fe:cb:0d:ae,-75,sawano-lab,4c:32:75:c6:2b:02,-81,ait-wnet,00:a6:ca:47:a3:d0,-81,2450,74:03:bd:cb:0b:18,-83,AM-MIZUNO,90:84:0d:d5:9a:03,-79,e-timer-CB0DAC,02:90:fe:cb:0d:ae,-84,4-kawabe-lab-205,00:16:01:83:34:49,-80,Laneed54g,00:90:fe:5e:1e:ed,-83,4b-matslabo,00:1d:73:b4:b1:cf,-84,4b-matslaboEX,b0:c7:45:c9:0d:d0,-86,,,,,,,,,,,,,,,,,,,,,,,,,,,,,,
2017/5/1 10:57,RoomB,a9d71355-6595-1801-b7ea-001c4d678e7c,31,1,-50,a9d71355-6595-1801-b7ea-001c4d678e7c,31,2,-72,a9d71355-6595-1801-b7ea-001c4d678e7c,30,2,-69,onogi-lab_g,74:03:bd:de:c0:57,-62,4-morimoto-lab_g,74:03:bd:5e:14:e0,-52,4-morimoto-lab_a,74:03:bd:5e:14:e5,-49,aterm-b4920e-a,c0:25:a2:a7:2e:27,-46,aterm-b4920e-g,c0:25:a2:a7:2e:26,-37,Popcul2,0c:51:01:e6:e9:8a,-53,mizuno-208ac,c0:25:a2:b4:4a:ab,-59,B0C7456E5E56-1,b0:c7:45:6e:5e:56,-65,B0C7456E5E56,b6:c7:45:6e:5e:56,-65,mizuno-208G,c0:25:a2:b4:4a:aa,-63,PopCul,b4:18:d1:e0:d1:62,-60,suzuki-lab,00:1d:73:a9:09:78,-83,Popcul2,0c:51:01:e6:e9:8b,-66,onogi-lab_a,74:03:bd:de:c0:50,-52,PopCul,b4:18:d1:e0:d1:63,-76,suzuki-lab,00:1d:73:a9:09:7c,-75,MizunoLabo_G,74:03:bd:8b:7c:b0,-76,sawano-lab,4c:32:75:c6:2b:02,-81,2450,74:03:bd:cb:0b:18,-83,AM-MIZUNO,90:84:0d:d5:9a:03,-79,e-timer-CB0DAC,02:90:fe:cb:0d:ae,-76,4b-matslabo,00:1d:73:b4:b1:cf,-83,4b-matslaboEX,b0:c7:45:c9:0d:d0,-86,elecom5g-CB0DAC,00:90:fe:cb:0d:af,-85,AM-MIZUNO __ GHz__,90:84:0d:d5:9a:04,-87,,,,,,,,,,,,,,,,,,,,,,,,,,,,,,,,,,,,
2017/5/1 11:06,RoomC,a9d71355-6595-1801-b7ea-001c4d678e7c,33,3,-70,a9d71355-6595-1801-b7ea-001c4d678e7c,32,1,-52,a9d71355-6595-1801-b7ea-001c4d678e7c,32,2,-58,ait-wnet_A,00:24:a5:7b:aa:30,-66,aterm-ee52dc-g,c0:25:a2:a7:2e:1a,-43,aterm-ee52dc-a,c0:25:a2:a7:2e:1b,-43,ait-wnet,00:24:a5:7b:b2:80,-60,kajilab-a,00:3a:9d:f4:94:ab,-53,elecom5g-CB0DAC,00:90:fe:cb:0d:af,-74,okamoto room2,74:03:bd:8a:91:e0,-47,4b-302,cc:e1:d5:ea:5f:b8,-61,elecom2g-CB0DAC,00:90:fe:cb:0d:ae,-52,kajilab-g,00:3a:9d:f4:94:aa,-47,aterm-4cd953-aw,02:3a:9d:f4:94:ab,-54,aterm-4cd953-gw,02:3a:9d:f4:94:aa,-46,SET-Wireless-AP-11ac,c0:25:a2:c9:57:2b,-63,aterm-fe5eb9-g,1c:b1:7f:0e:f1:04,-58,setcamera,b8:27:eb:a2:c8:8d,-60,5GHz-anac-clab,74:03:bd:2e:cc:33,-80,e-timer-CB0DAC,02:90:fe:cb:0d:ae,-49,SET-Wireless-AP,c0:25:a2:c9:57:2a,-59,Buffalo-A-91EE,74:03:bd:8a:91:e7,-61,3F-Naito-Lab 5GHz,74:03:bd:7c:01:a7,-87,DIRECT-8C78A161,66:eb:8c:78:21:61,-71,AM-MIZUNO,90:84:0d:d5:9a:03,-81,aterm-fe5eb9-gw,1e:b1:7f:0e:f1:04,-57,4-kawabe-office-A,74:03:bd:1a:2c:e5,-88,2450-A,74:03:bd:cb:0b:1c,-76,NULL,d2:25:a2:c9:57:2a,-59,onogi-lab_a,74:03:bd:de:c0:50,-86,,,,,,,,,,,,,,,,,,,,,,,,,,,,,,
2017/5/1 11:07,RoomC,a9d71355-6595-1801-b7ea-001c4d678e7c,33,3,-69,a9d71355-6595-1801-b7ea-001c4d678e7c,32,1,-59,a9d71355-6595-1801-b7ea-001c4d678e7c,32,2,-66,ait-wnet_A,00:24:a5:7b:aa:30,-73,aterm-ee52dc-g,c0:25:a2:a7:2e:1a,-46,aterm-ee52dc-a,c0:25:a2:a7:2e:1b,-53,ait-wnet,00:24:a5:7b:b2:80,-60,kajilab-a,00:3a:9d:f4:94:ab,-46,elecom5g-CB0DAC,00:90:fe:cb:0d:af,-68,okamoto room2,74:03:bd:8a:91:e0,-43,4b-302,cc:e1:d5:ea:5f:b8,-56,elecom2g-CB0DAC,00:90:fe:cb:0d:ae,-57,kajilab-g,00:3a:9d:f4:94:aa,-43,aterm-4cd953-aw,02:3a:9d:f4:94:ab,-47,aterm-4cd953-gw,02:3a:9d:f4:94:aa,-43,SET-Wireless-AP-11ac,c0:25:a2:c9:57:2b,-68,aterm-fe5eb9-g,1c:b1:7f:0e:f1:04,-54,setcamera,b8:27:eb:a2:c8:8d,-61,5GHz-anac-clab,74:03:bd:2e:cc:33,-81,e-timer-CB0DAC,02:90:fe:cb:0d:ae,-58,SET-Wireless-AP,c0:25:a2:c9:57:2a,-57,Buffalo-A-91EE,74:03:bd:8a:91:e7,-55,3F-Naito-Lab 5GHz,74:03:bd:7c:01:a7,-84,DIRECT-8C78A161,66:eb:8c:78:21:61,-73,AM-MIZUNO,90:84:0d:d5:9a:03,-82,aterm-fe5eb9-gw,1e:b1:7f:0e:f1:04,-53,4-kawabe-office-A,74:03:bd:1a:2c:e5,-82,2450-A,74:03:bd:cb:0b:1c,-79,NULL,d2:25:a2:c9:57:2a,-54,onogi-lab_a,74:03:bd:de:c0:50,-82,n-itolab-ac,80:ea:96:f2:cc:76,-81,ait-wnet_A,4c:e6:76:82:85:90,-87,2450,74:03:bd:cb:0b:18,-53,onogi-lab_g,74:03:bd:de:c0:57,-89,4-kawabe-office-G,74:03:bd:1a:2c:e0,-78,,,,,,,,,,,,,,,
2017/5/1 11:07,RoomC,a9d71355-6595-1801-b7ea-001c4d678e7c,33,3,-78,a9d71355-6595-1801-b7ea-001c4d678e7c,32,1,-55,a9d71355-6595-1801-b7ea-001c4d678e7c,32,2,-58,ait-wnet_A,00:24:a5:7b:aa:30,-81,aterm-ee52dc-g,c0:25:a2:a7:2e:1a,-46,aterm-ee52dc-a,c0:25:a2:a7:2e:1b,-56,ait-wnet,00:24:a5:7b:b2:80,-64,kajilab-a,00:3a:9d:f4:94:ab,-44,elecom5g-CB0DAC,00:90:fe:cb:0d:af,-78,okamoto room2,74:03:bd:8a:91:e0,-55,4b-302,cc:e1:d5:ea:5f:b8,-65,elecom2g-CB0DAC,00:90:fe:cb:0d:ae,-61,kajilab-g,00:3a:9d:f4:94:aa,-43,aterm-4cd953-aw,02:3a:9d:f4:94:ab,-44,aterm-4cd953-gw,02:3a:9d:f4:94:aa,-43,SET-Wireless-AP-11ac,c0:25:a2:c9:57:2b,-76,aterm-fe5eb9-g,1c:b1:7f:0e:f1:04,-57,setcamera,b8:27:eb:a2:c8:8d,-71,5GHz-anac-clab,74:03:bd:2e:cc:33,-86,e-timer-CB0DAC,02:90:fe:cb:0d:ae,-61,SET-Wireless-AP,c0:25:a2:c9:57:2a,-68,Buffalo-A-91EE,74:03:bd:8a:91:e7,-65,3F-Naito-Lab 5GHz,74:03:bd:7c:01:a7,-84,DIRECT-8C78A161,66:eb:8c:78:21:61,-69,AM-MIZUNO,90:84:0d:d5:9a:03,-83,aterm-fe5eb9-gw,1e:b1:7f:0e:f1:04,-61,4-kawabe-office-A,74:03:bd:1a:2c:e5,-85,2450-A,74:03:bd:cb:0b:1c,-86,onogi-lab_a,74:03:bd:de:c0:50,-81,2450,74:03:bd:cb:0b:18,-55,4-kawabe-office-G,74:03:bd:1a:2c:e0,-75,Popcul2,0c:51:01:e6:e9:8a,-85,,,,,,,,,,,,,,,,,,,,,,,,
2017/5/1 11:08,RoomC,a9d71355-6595-1801-b7ea-001c4d678e7c,33,3,-66,a9d71355-6595-1801-b7ea-001c4d678e7c,32,1,-63,a9d71355-6595-1801-b7ea-001c4d678e7c,32,2,-58,ait-wnet_A,00:24:a5:7b:aa:30,-81,aterm-ee52dc-g,c0:25:a2:a7:2e:1a,-47,aterm-ee52dc-a,c0:25:a2:a7:2e:1b,-54,ait-wnet,00:24:a5:7b:b2:80,-61,kajilab-a,00:3a:9d:f4:94:ab,-27,elecom5g-CB0DAC,00:90:fe:cb:0d:af,-79,okamoto room2,74:03:bd:8a:91:e0,-51,4b-302,cc:e1:d5:ea:5f:b8,-60,elecom2g-CB0DAC,00:90:fe:cb:0d:ae,-62,kajilab-g,00:3a:9d:f4:94:aa,-32,aterm-4cd953-aw,02:3a:9d:f4:94:ab,-27,aterm-4cd953-gw,02:3a:9d:f4:94:aa,-32,SET-Wireless-AP-11ac,c0:25:a2:c9:57:2b,-74,aterm-fe5eb9-g,1c:b1:7f:0e:f1:04,-49,setcamera,b8:27:eb:a2:c8:8d,-56,5GHz-anac-clab,74:03:bd:2e:cc:33,-84,e-timer-CB0DAC,02:90:fe:cb:0d:ae,-60,SET-Wireless-AP,c0:25:a2:c9:57:2a,-71,Buffalo-A-91EE,74:03:bd:8a:91:e7,-64,AM-MIZUNO,90:84:0d:d5:9a:03,-79,aterm-fe5eb9-gw,1e:b1:7f:0e:f1:04,-45,2450-A,74:03:bd:cb:0b:1c,-79,NULL,d2:25:a2:c9:57:2a,-64,onogi-lab_g,74:03:bd:de:c0:57,-84,2450,74:03:bd:cb:0b:18,-61,n-itolab-ac,80:ea:96:f2:cc:76,-77,2.4GHz-ngb-clab,74:03:bd:2e:cc:32,-67,DIRECT-8C78A161,66:eb:8c:78:21:61,-74,ait-wnet_A,4c:e6:76:82:85:90,-88,onogi-lab_a,74:03:bd:de:c0:50,-84,,,,,,,,,,,,,,,,,,,,,
2017/5/1 11:08,RoomC,a9d71355-6595-1801-b7ea-001c4d678e7c,33,3,-73,a9d71355-6595-1801-b7ea-001c4d678e7c,32,1,-68,a9d71355-6595-1801-b7ea-001c4d678e7c,32,2,-60,ait-wnet_A,00:24:a5:7b:aa:30,-80,aterm-ee52dc-g,c0:25:a2:a7:2e:1a,-45,aterm-ee52dc-a,c0:25:a2:a7:2e:1b,-52,ait-wnet,00:24:a5:7b:b2:80,-64,kajilab-a,00:3a:9d:f4:94:ab,-27,elecom5g-CB0DAC,00:90:fe:cb:0d:af,-76,okamoto room2,74:03:bd:8a:91:e0,-48,4b-302,cc:e1:d5:ea:5f:b8,-56,elecom2g-CB0DAC,00:90:fe:cb:0d:ae,-61,kajilab-g,00:3a:9d:f4:94:aa,-36,aterm-4cd953-aw,02:3a:9d:f4:94:ab,-27,aterm-4cd953-gw,02:3a:9d:f4:94:aa,-33,SET-Wireless-AP-11ac,c0:25:a2:c9:57:2b,-79,aterm-fe5eb9-g,1c:b1:7f:0e:f1:04,-53,setcamera,b8:27:eb:a2:c8:8d,-59,5GHz-anac-clab,74:03:bd:2e:cc:33,-84,e-timer-CB0DAC,02:90:fe:cb:0d:ae,-59,SET-Wireless-AP,c0:25:a2:c9:57:2a,-70,Buffalo-A-91EE,74:03:bd:8a:91:e7,-61,AM-MIZUNO,90:84:0d:d5:9a:03,-80,aterm-fe5eb9-gw,1e:b1:7f:0e:f1:04,-55,2450-A,74:03:bd:cb:0b:1c,-82,NULL,d2:25:a2:c9:57:2a,-64,onogi-lab_g,74:03:bd:de:c0:57,-84,2450,74:03:bd:cb:0b:18,-58,n-itolab-ac,80:ea:96:f2:cc:76,-77,2.4GHz-ngb-clab,74:03:bd:2e:cc:32,-68,DIRECT-8C78A161,66:eb:8c:78:21:61,-68,onogi-lab_a,74:03:bd:de:c0:50,-80,3F-Naito-Lab 5GHz,74:03:bd:7c:01:a7,-85,4-kawabe-office-G,74:03:bd:1a:2c:e0,-79,ait-wnet,4c:e6:76:82:40:b0,-86,,,,,,,,,,,,,,,
2017/5/1 11:08,RoomC,a9d71355-6595-1801-b7ea-001c4d678e7c,33,3,-77,a9d71355-6595-1801-b7ea-001c4d678e7c,32,1,-49,a9d71355-6595-1801-b7ea-001c4d678e7c,32,2,-63,ait-wnet_A,00:24:a5:7b:aa:30,-73,aterm-ee52dc-g,c0:25:a2:a7:2e:1a,-48,aterm-ee52dc-a,c0:25:a2:a7:2e:1b,-51,ait-wnet,00:24:a5:7b:b2:80,-65,kajilab-a,00:3a:9d:f4:94:ab,-43,elecom5g-CB0DAC,00:90:fe:cb:0d:af,-69,okamoto room2,74:03:bd:8a:91:e0,-48,4b-302,cc:e1:d5:ea:5f:b8,-71,elecom2g-CB0DAC,00:90:fe:cb:0d:ae,-62,kajilab-g,00:3a:9d:f4:94:aa,-46,aterm-4cd953-aw,02:3a:9d:f4:94:ab,-44,aterm-4cd953-gw,02:3a:9d:f4:94:aa,-33,SET-Wireless-AP-11ac,c0:25:a2:c9:57:2b,-74,aterm-fe5eb9-g,1c:b1:7f:0e:f1:04,-53,setcamera,b8:27:eb:a2:c8:8d,-62,5GHz-anac-clab,74:03:bd:2e:cc:33,-79,e-timer-CB0DAC,02:90:fe:cb:0d:ae,-55,SET-Wireless-AP,c0:25:a2:c9:57:2a,-66,Buffalo-A-91EE,74:03:bd:8a:91:e7,-62,AM-MIZUNO,90:84:0d:d5:9a:03,-80,aterm-fe5eb9-gw,1e:b1:7f:0e:f1:04,-56,2450-A,74:03:bd:cb:0b:1c,-84,NULL,d2:25:a2:c9:57:2a,-60,2450,74:03:bd:cb:0b:18,-62,n-itolab-ac,80:ea:96:f2:cc:76,-77,2.4GHz-ngb-clab,74:03:bd:2e:cc:32,-69,DIRECT-8C78A161,66:eb:8c:78:21:61,-62,onogi-lab_a,74:03:bd:de:c0:50,-80,3F-Naito-Lab 5GHz,74:03:bd:7c:01:a7,-86,4-kawabe-office-G,74:03:bd:1a:2c:e0,-75,ait-wnet,4c:e6:76:82:40:b0,-86,4-kawabe-office-A,74:03:bd:1a:2c:e5,-87,,,,,,,,,,,,,,,
2017/5/1 11:09,RoomC,,,,,a9d71355-6595-1801-b7ea-001c4d678e7c,32,1,-48,a9d71355-6595-1801-b7ea-001c4d678e7c,32,2,-70,ait-wnet_A,00:24:a5:7b:aa:30,-76,aterm-ee52dc-g,c0:25:a2:a7:2e:1a,-47,aterm-ee52dc-a,c0:25:a2:a7:2e:1b,-50,ait-wnet,00:24:a5:7b:b2:80,-57,kajilab-a,00:3a:9d:f4:94:ab,-43,elecom5g-CB0DAC,00:90:fe:cb:0d:af,-69,okamoto room2,74:03:bd:8a:91:e0,-45,4b-302,cc:e1:d5:ea:5f:b8,-58,elecom2g-CB0DAC,00:90:fe:cb:0d:ae,-59,kajilab-g,00:3a:9d:f4:94:aa,-48,aterm-4cd953-aw,02:3a:9d:f4:94:ab,-43,aterm-4cd953-gw,02:3a:9d:f4:94:aa,-50,SET-Wireless-AP-11ac,c0:25:a2:c9:57:2b,-66,aterm-fe5eb9-g,1c:b1:7f:0e:f1:04,-53,setcamera,b8:27:eb:a2:c8:8d,-63,5GHz-anac-clab,74:03:bd:2e:cc:33,-82,e-timer-CB0DAC,02:90:fe:cb:0d:ae,-60,SET-Wireless-AP,c0:25:a2:c9:57:2a,-63,Buffalo-A-91EE,74:03:bd:8a:91:e7,-59,aterm-fe5eb9-gw,1e:b1:7f:0e:f1:04,-53,2450-A,74:03:bd:cb:0b:1c,-83,NULL,d2:25:a2:c9:57:2a,-55,2450,74:03:bd:cb:0b:18,-59,2.4GHz-ngb-clab,74:03:bd:2e:cc:32,-65,DIRECT-8C78A161,66:eb:8c:78:21:61,-61,onogi-lab_a,74:03:bd:de:c0:50,-81,3F-Naito-Lab 5GHz,74:03:bd:7c:01:a7,-85,4-kawabe-office-A,74:03:bd:1a:2c:e5,-87,4-kawabe-lab-205,00:16:01:83:34:49,-80,onogi-lab_g,74:03:bd:de:c0:57,-87,ait-wnet,4c:e6:76:82:40:b0,-83,4-kawabe-office-G,74:03:bd:1a:2c:e0,-77,4-kawabe-lab-204,00:16:01:57:b7:11,-80,AM-MIZUNO,90:84:0d:d5:9a:03,-82,4b-matslabo-1,02:1d:73:b4:b1:cf,-87,n-itolab-ac,80:ea:96:f2:cc:76,-75,everystamp755,ac:3f:a4:65:73:4f,-86
2017/5/1 11:09,RoomC,a9d71355-6595-1801-b7ea-001c4d678e7c,33,3,-64,a9d71355-6595-1801-b7ea-001c4d678e7c,32,1,-58,a9d71355-6595-1801-b7ea-001c4d678e7c,32,2,-68,ait-wnet_A,00:24:a5:7b:aa:30,-71,aterm-ee52dc-g,c0:25:a2:a7:2e:1a,-49,aterm-ee52dc-a,c0:25:a2:a7:2e:1b,-50,ait-wnet,00:24:a5:7b:b2:80,-61,kajilab-a,00:3a:9d:f4:94:ab,-45,elecom5g-CB0DAC,00:90:fe:cb:0d:af,-68,okamoto room2,74:03:bd:8a:91:e0,-51,4b-302,cc:e1:d5:ea:5f:b8,-55,elecom2g-CB0DAC,00:90:fe:cb:0d:ae,-60,kajilab-g,00:3a:9d:f4:94:aa,-57,aterm-4cd953-aw,02:3a:9d:f4:94:ab,-45,aterm-4cd953-gw,02:3a:9d:f4:94:aa,-54,SET-Wireless-AP-11ac,c0:25:a2:c9:57:2b,-66,aterm-fe5eb9-g,1c:b1:7f:0e:f1:04,-56,setcamera,b8:27:eb:a2:c8:8d,-62,5GHz-anac-clab,74:03:bd:2e:cc:33,-82,e-timer-CB0DAC,02:90:fe:cb:0d:ae,-54,SET-Wireless-AP,c0:25:a2:c9:57:2a,-68,Buffalo-A-91EE,74:03:bd:8a:91:e7,-57,aterm-fe5eb9-gw,1e:b1:7f:0e:f1:04,-57,2450-A,74:03:bd:cb:0b:1c,-74,2.4GHz-ngb-clab,74:03:bd:2e:cc:32,-63,DIRECT-8C78A161,66:eb:8c:78:21:61,-69,3F-Naito-Lab 5GHz,74:03:bd:7c:01:a7,-86,onogi-lab_g,74:03:bd:de:c0:57,-85,4-kawabe-office-G,74:03:bd:1a:2c:e0,-75,AM-MIZUNO,90:84:0d:d5:9a:03,-80,everystamp755,ac:3f:a4:65:73:4f,-84,ait-wnet_A,4c:e6:76:82:85:90,-87,4-kawabe-office-A,74:03:bd:1a:2c:e5,-89,4b-matslabo-1,02:1d:73:b4:b1:cf,-87,,,,,,,,,,,,,,,,,,
2017/5/1 11:09,RoomC,a9d71355-6595-1801-b7ea-001c4d678e7c,33,3,-83,a9d71355-6595-1801-b7ea-001c4d678e7c,32,1,-56,a9d71355-6595-1801-b7ea-001c4d678e7c,32,2,-54,ait-wnet_A,00:24:a5:7b:aa:30,-67,aterm-ee52dc-g,c0:25:a2:a7:2e:1a,-50,aterm-ee52dc-a,c0:25:a2:a7:2e:1b,-51,ait-wnet,00:24:a5:7b:b2:80,-60,kajilab-a,00:3a:9d:f4:94:ab,-49,elecom5g-CB0DAC,00:90:fe:cb:0d:af,-69,okamoto room2,74:03:bd:8a:91:e0,-47,4b-302,cc:e1:d5:ea:5f:b8,-59,elecom2g-CB0DAC,00:90:fe:cb:0d:ae,-60,kajilab-g,00:3a:9d:f4:94:aa,-43,aterm-4cd953-aw,02:3a:9d:f4:94:ab,-49,aterm-4cd953-gw,02:3a:9d:f4:94:aa,-45,SET-Wireless-AP-11ac,c0:25:a2:c9:57:2b,-70,aterm-fe5eb9-g,1c:b1:7f:0e:f1:04,-49,setcamera,b8:27:eb:a2:c8:8d,-66,5GHz-anac-clab,74:03:bd:2e:cc:33,-80,e-timer-CB0DAC,02:90:fe:cb:0d:ae,-58,SET-Wireless-AP,c0:25:a2:c9:57:2a,-56,Buffalo-A-91EE,74:03:bd:8a:91:e7,-56,aterm-fe5eb9-gw,1e:b1:7f:0e:f1:04,-49,2450-A,74:03:bd:cb:0b:1c,-76,2.4GHz-ngb-clab,74:03:bd:2e:cc:32,-63,DIRECT-8C78A161,66:eb:8c:78:21:61,-57,3F-Naito-Lab 5GHz,74:03:bd:7c:01:a7,-85,4-kawabe-office-G,74:03:bd:1a:2c:e0,-85,everystamp755,ac:3f:a4:65:73:4f,-84,4-kawabe-office-A,74:03:bd:1a:2c:e5,-89,onogi-lab_a,74:03:bd:de:c0:50,-80,4b-matslabo,00:1d:73:b4:b1:cf,-88,NULL,d2:25:a2:c9:57:2a,-59,,,,,,,,,,,,,,,,,,,,,
2017/5/1 11:10,RoomC,a9d71355-6595-1801-b7ea-001c4d678e7c,33,3,-85,a9d71355-6595-1801-b7ea-001c4d678e7c,32,1,-55,a9d71355-6595-1801-b7ea-001c4d678e7c,32,2,-64,ait-wnet_A,00:24:a5:7b:aa:30,-71,aterm-ee52dc-g,c0:25:a2:a7:2e:1a,-54,aterm-ee52dc-a,c0:25:a2:a7:2e:1b,-51,ait-wnet,00:24:a5:7b:b2:80,-59,kajilab-a,00:3a:9d:f4:94:ab,-43,elecom5g-CB0DAC,00:90:fe:cb:0d:af,-72,okamoto room2,74:03:bd:8a:91:e0,-58,4b-302,cc:e1:d5:ea:5f:b8,-63,elecom2g-CB0DAC,00:90:fe:cb:0d:ae,-63,kajilab-g,00:3a:9d:f4:94:aa,-37,aterm-4cd953-aw,02:3a:9d:f4:94:ab,-44,aterm-4cd953-gw,02:3a:9d:f4:94:aa,-38,SET-Wireless-AP-11ac,c0:25:a2:c9:57:2b,-70,aterm-fe5eb9-g,1c:b1:7f:0e:f1:04,-56,setcamera,b8:27:eb:a2:c8:8d,-72,5GHz-anac-clab,74:03:bd:2e:cc:33,-80,e-timer-CB0DAC,02:90:fe:cb:0d:ae,-62,SET-Wireless-AP,c0:25:a2:c9:57:2a,-66,Buffalo-A-91EE,74:03:bd:8a:91:e7,-56,aterm-fe5eb9-gw,1e:b1:7f:0e:f1:04,-55,2450-A,74:03:bd:cb:0b:1c,-78,DIRECT-8C78A161,66:eb:8c:78:21:61,-57,3F-Naito-Lab 5GHz,74:03:bd:7c:01:a7,-86,4-kawabe-office-G,74:03:bd:1a:2c:e0,-82,everystamp755,ac:3f:a4:65:73:4f,-84,4-kawabe-office-A,74:03:bd:1a:2c:e5,-84,onogi-lab_a,74:03:bd:de:c0:50,-77,4b-matslabo,00:1d:73:b4:b1:cf,-88,NULL,d2:25:a2:c9:57:2a,-59,onogi-lab_g,74:03:bd:de:c0:57,-87,2450,74:03:bd:cb:0b:18,-64,AM-MIZUNO,90:84:0d:d5:9a:03,-80,ait-wnet_A,4c:e6:76:82:85:90,-87,,,,,,,,,,,,
2017/5/1 11:13,RoomD,a9d71355-6595-1801-b7ea-001c4d678e7c,33,3,-57,a9d71355-6595-1801-b7ea-001c4d678e7c,32,1,-85,a9d71355-6595-1801-b7ea-001c4d678e7c,32,2,-72,n-itolab-ac,80:ea:96:f2:cc:77,-89,n-itolab-ac,80:ea:96:f2:cc:76,-78,ait-wnet_A,00:24:a5:7b:aa:30,-81,ait-wnet,00:24:a5:7b:b2:80,-50,2450-A,74:03:bd:cb:0b:1c,-87,aterm-fe5eb9-g,1c:b1:7f:0e:f1:04,-67,4-kawabe-lab-204,00:16:01:57:b7:11,-78,2450,74:03:bd:cb:0b:18,-67,4-kawabe-office-G,74:03:bd:1a:2c:e0,-61,elecom2g-CB0DAC,00:90:fe:cb:0d:ae,-63,4b-302,cc:e1:d5:ea:5f:b8,-42,aterm-ee52dc-a,c0:25:a2:a7:2e:1b,-21,Buffalo-A-91EE,74:03:bd:8a:91:e7,-67,ait-wnet,4c:e6:76:82:40:b0,-80,aterm-ee52dc-g,c0:25:a2:a7:2e:1a,-22,aterm-4cd953-gw,02:3a:9d:f4:94:aa,-55,aterm-4cd953-aw,02:3a:9d:f4:94:ab,-67,elecom5g-CB0DAC,00:90:fe:cb:0d:af,-81,4-kawabe-office-A,74:03:bd:1a:2c:e5,-72,kajilab-a,00:3a:9d:f4:94:ab,-63,e-timer-CB0DAC,02:90:fe:cb:0d:ae,-68,3F-Naito-Lab,74:03:bd:7c:01:a0,-64,3F-Naito-Lab 5GHz,74:03:bd:7c:01:a7,-77,SET-Wireless-AP-11ac,c0:25:a2:c9:57:2b,-83,kajilab-g,00:3a:9d:f4:94:aa,-50,okamoto room2,74:03:bd:8a:91:e0,-49,setcamera,b8:27:eb:a2:c8:8d,-71,SET-Wireless-AP,c0:25:a2:c9:57:2a,-72,aterm-fe5eb9-gw,1e:b1:7f:0e:f1:04,-67,DIRECT-8C78A161,66:eb:8c:78:21:61,-82,NULL,d2:25:a2:c9:57:2a,-67,5GHz-anac-clab,74:03:bd:2e:cc:33,-85,everystamp755,ac:3f:a4:65:73:4f,-83,4b-matslabo-1,02:1d:73:b4:b1:cf,-85,4b-matslabo,00:1d:73:b4:b1:cf,-85,,,,,,
2017/5/1 11:13,RoomD,a9d71355-6595-1801-b7ea-001c4d678e7c,33,3,-57,,,,,a9d71355-6595-1801-b7ea-001c4d678e7c,32,2,-80,ait-wnet_A,00:24:a5:7b:aa:30,-82,ait-wnet,00:24:a5:7b:b2:80,-59,2450-A,74:03:bd:cb:0b:1c,-86,aterm-fe5eb9-g,1c:b1:7f:0e:f1:04,-68,4-kawabe-lab-204,00:16:01:57:b7:11,-77,2450,74:03:bd:cb:0b:18,-71,4-kawabe-office-G,74:03:bd:1a:2c:e0,-65,elecom2g-CB0DAC,00:90:fe:cb:0d:ae,-65,4b-302,cc:e1:d5:ea:5f:b8,-51,aterm-ee52dc-a,c0:25:a2:a7:2e:1b,-42,Buffalo-A-91EE,74:03:bd:8a:91:e7,-63,aterm-ee52dc-g,c0:25:a2:a7:2e:1a,-44,aterm-4cd953-gw,02:3a:9d:f4:94:aa,-51,aterm-4cd953-aw,02:3a:9d:f4:94:ab,-61,elecom5g-CB0DAC,00:90:fe:cb:0d:af,-79,4-kawabe-office-A,74:03:bd:1a:2c:e5,-82,kajilab-a,00:3a:9d:f4:94:ab,-60,e-timer-CB0DAC,02:90:fe:cb:0d:ae,-60,3F-Naito-Lab,74:03:bd:7c:01:a0,-62,3F-Naito-Lab 5GHz,74:03:bd:7c:01:a7,-81,SET-Wireless-AP-11ac,c0:25:a2:c9:57:2b,-78,kajilab-g,00:3a:9d:f4:94:aa,-52,okamoto room2,74:03:bd:8a:91:e0,-57,setcamera,b8:27:eb:a2:c8:8d,-73,SET-Wireless-AP,c0:25:a2:c9:57:2a,-78,aterm-fe5eb9-gw,1e:b1:7f:0e:f1:04,-68,NULL,d2:25:a2:c9:57:2a,-73,4b-matslabo-1,02:1d:73:b4:b1:cf,-88,4b-matslabo,00:1d:73:b4:b1:cf,-86,2.4GHz-ngb-clab,74:03:bd:2e:cc:32,-74,n-itolab,00:a0:de:e2:6b:70,-90,onogi-lab_a,74:03:bd:de:c0:50,-84,ait-wnet_A,4c:e6:76:82:85:90,-89,4-kawabe-lab-204,5a:55:e2:bd:9b:f5,-88,,,,,,,,,
2017/5/1 11:13,RoomD,a9d71355-6595-1801-b7ea-001c4d678e7c,33,3,-60,,,,,a9d71355-6595-1801-b7ea-001c4d678e7c,32,2,-71,ait-wnet_A,00:24:a5:7b:aa:30,-85,ait-wnet,00:24:a5:7b:b2:80,-67,2450-A,74:03:bd:cb:0b:1c,-86,aterm-fe5eb9-g,1c:b1:7f:0e:f1:04,-69,4-kawabe-lab-204,00:16:01:57:b7:11,-77,2450,74:03:bd:cb:0b:18,-71,4-kawabe-office-G,74:03:bd:1a:2c:e0,-69,elecom2g-CB0DAC,00:90:fe:cb:0d:ae,-62,4b-302,cc:e1:d5:ea:5f:b8,-53,aterm-ee52dc-a,c0:25:a2:a7:2e:1b,-45,Buffalo-A-91EE,74:03:bd:8a:91:e7,-66,aterm-ee52dc-g,c0:25:a2:a7:2e:1a,-38,aterm-4cd953-gw,02:3a:9d:f4:94:aa,-60,aterm-4cd953-aw,02:3a:9d:f4:94:ab,-62,elecom5g-CB0DAC,00:90:fe:cb:0d:af,-81,4-kawabe-office-A,74:03:bd:1a:2c:e5,-81,kajilab-a,00:3a:9d:f4:94:ab,-61,e-timer-CB0DAC,02:90:fe:cb:0d:ae,-60,3F-Naito-Lab,74:03:bd:7c:01:a0,-67,3F-Naito-Lab 5GHz,74:03:bd:7c:01:a7,-79,SET-Wireless-AP-11ac,c0:25:a2:c9:57:2b,-77,kajilab-g,00:3a:9d:f4:94:aa,-60,okamoto room2,74:03:bd:8a:91:e0,-64,setcamera,b8:27:eb:a2:c8:8d,-73,SET-Wireless-AP,c0:25:a2:c9:57:2a,-76,aterm-fe5eb9-gw,1e:b1:7f:0e:f1:04,-69,NULL,d2:25:a2:c9:57:2a,-70,4-kawabe-lab-204,5a:55:e2:bd:9b:f5,-88,sawano-lab,4c:32:75:c6:2b:02,-81,,,,,,,,,,,,,,,,,,,,,,,,
2017/5/1 11:13,RoomD,a9d71355-6595-1801-b7ea-001c4d678e7c,33,3,-46,a9d71355-6595-1801-b7ea-001c4d678e7c,32,1,-67,a9d71355-6595-1801-b7ea-001c4d678e7c,32,2,-77,ait-wnet_A,00:24:a5:7b:aa:30,-77,ait-wnet,00:24:a5:7b:b2:80,-61,2450-A,74:03:bd:cb:0b:1c,-83,aterm-fe5eb9-g,1c:b1:7f:0e:f1:04,-52,2450,74:03:bd:cb:0b:18,-59,4-kawabe-office-G,74:03:bd:1a:2c:e0,-73,elecom2g-CB0DAC,00:90:fe:cb:0d:ae,-60,4b-302,cc:e1:d5:ea:5f:b8,-52,aterm-ee52dc-a,c0:25:a2:a7:2e:1b,-40,Buffalo-A-91EE,74:03:bd:8a:91:e7,-64,aterm-ee52dc-g,c0:25:a2:a7:2e:1a,-43,aterm-4cd953-gw,02:3a:9d:f4:94:aa,-50,aterm-4cd953-aw,02:3a:9d:f4:94:ab,-59,elecom5g-CB0DAC,00:90:fe:cb:0d:af,-78,4-kawabe-office-A,74:03:bd:1a:2c:e5,-78,kajilab-a,00:3a:9d:f4:94:ab,-59,e-timer-CB0DAC,02:90:fe:cb:0d:ae,-59,3F-Naito-Lab,74:03:bd:7c:01:a0,-67,3F-Naito-Lab 5GHz,74:03:bd:7c:01:a7,-75,SET-Wireless-AP-11ac,c0:25:a2:c9:57:2b,-80,kajilab-g,00:3a:9d:f4:94:aa,-50,okamoto room2,74:03:bd:8a:91:e0,-51,setcamera,b8:27:eb:a2:c8:8d,-60,SET-Wireless-AP,c0:25:a2:c9:57:2a,-68,aterm-fe5eb9-gw,1e:b1:7f:0e:f1:04,-51,NULL,d2:25:a2:c9:57:2a,-62,sawano-lab,4c:32:75:c6:2b:02,-81,2.4GHz-ngb-clab,74:03:bd:2e:cc:32,-58,5GHz-anac-clab,74:03:bd:2e:cc:33,-87,DIRECT-8C78A161,66:eb:8c:78:21:61,-71,n-itolab-ac,80:ea:96:f2:cc:76,-72,4-kawabe-lab-205,00:16:01:83:34:49,-81,onogi-lab_a,74:03:bd:de:c0:50,-81,everystamp755,ac:3f:a4:65:73:4f,-81,4b-matslabo-1,02:1d:73:b4:b1:cf,-85,,,,,,
2017/5/1 11:14,RoomD,a9d71355-6595-1801-b7ea-001c4d678e7c,33,3,-49,a9d71355-6595-1801-b7ea-001c4d678e7c,32,1,-70,a9d71355-6595-1801-b7ea-001c4d678e7c,32,2,-85,ait-wnet_A,00:24:a5:7b:aa:30,-80,ait-wnet,00:24:a5:7b:b2:80,-59,2450-A,74:03:bd:cb:0b:1c,-83,aterm-fe5eb9-g,1c:b1:7f:0e:f1:04,-62,2450,74:03:bd:cb:0b:18,-59,4-kawabe-office-G,74:03:bd:1a:2c:e0,-69,elecom2g-CB0DAC,00:90:fe:cb:0d:ae,-62,4b-302,cc:e1:d5:ea:5f:b8,-48,aterm-ee52dc-a,c0:25:a2:a7:2e:1b,-40,Buffalo-A-91EE,74:03:bd:8a:91:e7,-65,aterm-ee52dc-g,c0:25:a2:a7:2e:1a,-31,aterm-4cd953-gw,02:3a:9d:f4:94:aa,-57,aterm-4cd953-aw,02:3a:9d:f4:94:ab,-58,elecom5g-CB0DAC,00:90:fe:cb:0d:af,-82,4-kawabe-office-A,74:03:bd:1a:2c:e5,-74,kajilab-a,00:3a:9d:f4:94:ab,-57,e-timer-CB0DAC,02:90:fe:cb:0d:ae,-59,3F-Naito-Lab,74:03:bd:7c:01:a0,-64,3F-Naito-Lab 5GHz,74:03:bd:7c:01:a7,-80,SET-Wireless-AP-11ac,c0:25:a2:c9:57:2b,-76,kajilab-g,00:3a:9d:f4:94:aa,-56,okamoto room2,74:03:bd:8a:91:e0,-59,setcamera,b8:27:eb:a2:c8:8d,-71,SET-Wireless-AP,c0:25:a2:c9:57:2a,-71,aterm-fe5eb9-gw,1e:b1:7f:0e:f1:04,-62,NULL,d2:25:a2:c9:57:2a,-80,2.4GHz-ngb-clab,74:03:bd:2e:cc:32,-69,5GHz-anac-clab,74:03:bd:2e:cc:33,-85,DIRECT-8C78A161,66:eb:8c:78:21:61,-71,n-itolab-ac,80:ea:96:f2:cc:76,-72,4-kawabe-lab-205,00:16:01:83:34:49,-81,onogi-lab_a,74:03:bd:de:c0:50,-81,everystamp755,ac:3f:a4:65:73:4f,-81,4b-matslabo-1,02:1d:73:b4:b1:cf,-85,ait-wnet,4c:e6:76:82:40:b0,-87,,,,,,
2017/5/1 11:14,RoomD,a9d71355-6595-1801-b7ea-001c4d678e7c,33,3,-68,a9d71355-6595-1801-b7ea-001c4d678e7c,32,1,-76,a9d71355-6595-1801-b7ea-001c4d678e7c,32,2,-77,ait-wnet_A,00:24:a5:7b:aa:30,-79,ait-wnet,00:24:a5:7b:b2:80,-54,2450-A,74:03:bd:cb:0b:1c,-83,aterm-fe5eb9-g,1c:b1:7f:0e:f1:04,-58,2450,74:03:bd:cb:0b:18,-68,4-kawabe-office-G,74:03:bd:1a:2c:e0,-66,elecom2g-CB0DAC,00:90:fe:cb:0d:ae,-63,4b-302,cc:e1:d5:ea:5f:b8,-50,aterm-ee52dc-a,c0:25:a2:a7:2e:1b,-38,Buffalo-A-91EE,74:03:bd:8a:91:e7,-60,aterm-ee52dc-g,c0:25:a2:a7:2e:1a,-40,aterm-4cd953-gw,02:3a:9d:f4:94:aa,-56,aterm-4cd953-aw,02:3a:9d:f4:94:ab,-57,elecom5g-CB0DAC,00:90:fe:cb:0d:af,-77,4-kawabe-office-A,74:03:bd:1a:2c:e5,-77,kajilab-a,00:3a:9d:f4:94:ab,-59,e-timer-CB0DAC,02:90:fe:cb:0d:ae,-59,3F-Naito-Lab,74:03:bd:7c:01:a0,-60,3F-Naito-Lab 5GHz,74:03:bd:7c:01:a7,-82,SET-Wireless-AP-11ac,c0:25:a2:c9:57:2b,-76,kajilab-g,00:3a:9d:f4:94:aa,-57,okamoto room2,74:03:bd:8a:91:e0,-57,setcamera,b8:27:eb:a2:c8:8d,-68,SET-Wireless-AP,c0:25:a2:c9:57:2a,-70,aterm-fe5eb9-gw,1e:b1:7f:0e:f1:04,-58,NULL,d2:25:a2:c9:57:2a,-75,2.4GHz-ngb-clab,74:03:bd:2e:cc:32,-67,5GHz-anac-clab,74:03:bd:2e:cc:33,-85,n-itolab-ac,80:ea:96:f2:cc:76,-79,4-kawabe-lab-205,00:16:01:83:34:49,-72,everystamp755,ac:3f:a4:65:73:4f,-81,ait-wnet,4c:e6:76:82:40:b0,-81,4-kawabe-lab-204,5a:55:e2:bd:9b:f5,-78,sawano-lab,4c:32:75:c6:2b:02,-81,AM-MIZUNO,90:84:0d:d5:9a:03,-83,4b-matslabo,00:1d:73:b4:b1:cf,-84,ait-wnet_A,4c:e6:76:82:85:90,-88
2017/5/1 11:14,RoomD,a9d71355-6595-1801-b7ea-001c4d678e7c,33,3,-51,a9d71355-6595-1801-b7ea-001c4d678e7c,32,1,-68,,,,,ait-wnet_A,00:24:a5:7b:aa:30,-85,ait-wnet,00:24:a5:7b:b2:80,-58,2450-A,74:03:bd:cb:0b:1c,-87,aterm-fe5eb9-g,1c:b1:7f:0e:f1:04,-68,2450,74:03:bd:cb:0b:18,-73,4-kawabe-office-G,74:03:bd:1a:2c:e0,-69,elecom2g-CB0DAC,00:90:fe:cb:0d:ae,-65,4b-302,cc:e1:d5:ea:5f:b8,-45,aterm-ee52dc-a,c0:25:a2:a7:2e:1b,-46,Buffalo-A-91EE,74:03:bd:8a:91:e7,-64,aterm-ee52dc-g,c0:25:a2:a7:2e:1a,-44,aterm-4cd953-gw,02:3a:9d:f4:94:aa,-56,aterm-4cd953-aw,02:3a:9d:f4:94:ab,-64,elecom5g-CB0DAC,00:90:fe:cb:0d:af,-81,4-kawabe-office-A,74:03:bd:1a:2c:e5,-77,kajilab-a,00:3a:9d:f4:94:ab,-64,e-timer-CB0DAC,02:90:fe:cb:0d:ae,-66,3F-Naito-Lab,74:03:bd:7c:01:a0,-60,3F-Naito-Lab 5GHz,74:03:bd:7c:01:a7,-82,SET-Wireless-AP-11ac,c0:25:a2:c9:57:2b,-79,kajilab-g,00:3a:9d:f4:94:aa,-54,okamoto room2,74:03:bd:8a:91:e0,-60,setcamera,b8:27:eb:a2:c8:8d,-68,SET-Wireless-AP,c0:25:a2:c9:57:2a,-74,aterm-fe5eb9-gw,1e:b1:7f:0e:f1:04,-67,NULL,d2:25:a2:c9:57:2a,-76,2.4GHz-ngb-clab,74:03:bd:2e:cc:32,-73,n-itolab-ac,80:ea:96:f2:cc:76,-79,4-kawabe-lab-205,00:16:01:83:34:49,-72,everystamp755,ac:3f:a4:65:73:4f,-80,ait-wnet,4c:e6:76:82:40:b0,-81,4-kawabe-lab-204,5a:55:e2:bd:9b:f5,-78,sawano-lab,4c:32:75:c6:2b:02,-81,AM-MIZUNO,90:84:0d:d5:9a:03,-86,4b-matslabo,00:1d:73:b4:b1:cf,-84,ait-wnet_A,4c:e6:76:82:85:90,-88,,,
2017/5/1 11:14,RoomD,a9d71355-6595-1801-b7ea-001c4d678e7c,33,3,-48,a9d71355-6595-1801-b7ea-001c4d678e7c,32,1,-64,a9d71355-6595-1801-b7ea-001c4d678e7c,32,2,-72,ait-wnet_A,00:24:a5:7b:aa:30,-79,ait-wnet,00:24:a5:7b:b2:80,-65,2450-A,74:03:bd:cb:0b:1c,-87,aterm-fe5eb9-g,1c:b1:7f:0e:f1:04,-56,2450,74:03:bd:cb:0b:18,-68,4-kawabe-office-G,74:03:bd:1a:2c:e0,-72,elecom2g-CB0DAC,00:90:fe:cb:0d:ae,-65,4b-302,cc:e1:d5:ea:5f:b8,-46,aterm-ee52dc-a,c0:25:a2:a7:2e:1b,-40,Buffalo-A-91EE,74:03:bd:8a:91:e7,-62,aterm-ee52dc-g,c0:25:a2:a7:2e:1a,-43,aterm-4cd953-gw,02:3a:9d:f4:94:aa,-59,aterm-4cd953-aw,02:3a:9d:f4:94:ab,-61,elecom5g-CB0DAC,00:90:fe:cb:0d:af,-78,4-kawabe-office-A,74:03:bd:1a:2c:e5,-80,kajilab-a,00:3a:9d:f4:94:ab,-61,e-timer-CB0DAC,02:90:fe:cb:0d:ae,-58,3F-Naito-Lab,74:03:bd:7c:01:a0,-65,3F-Naito-Lab 5GHz,74:03:bd:7c:01:a7,-77,SET-Wireless-AP-11ac,c0:25:a2:c9:57:2b,-78,kajilab-g,00:3a:9d:f4:94:aa,-58,okamoto room2,74:03:bd:8a:91:e0,-52,setcamera,b8:27:eb:a2:c8:8d,-70,SET-Wireless-AP,c0:25:a2:c9:57:2a,-75,aterm-fe5eb9-gw,1e:b1:7f:0e:f1:04,-57,NULL,d2:25:a2:c9:57:2a,-85,2.4GHz-ngb-clab,74:03:bd:2e:cc:32,-71,4-kawabe-lab-205,00:16:01:83:34:49,-84,everystamp755,ac:3f:a4:65:73:4f,-84,AM-MIZUNO,90:84:0d:d5:9a:03,-86,4b-matslabo,00:1d:73:b4:b1:cf,-88,DIRECT-8C78A161,66:eb:8c:78:21:61,-77,5GHz-anac-clab,74:03:bd:2e:cc:33,-86,4-kawabe-lab-204,00:16:01:57:b7:11,-76,,,,,,,,,
2017/5/1 11:14,RoomD,a9d71355-6595-1801-b7ea-001c4d678e7c,33,3,-58,a9d71355-6595-1801-b7ea-001c4d678e7c,32,1,-79,a9d71355-6595-1801-b7ea-001c4d678e7c,32,2,-84,ait-wnet_A,00:24:a5:7b:aa:30,-78,ait-wnet,00:24:a5:7b:b2:80,-69,2450-A,74:03:bd:cb:0b:1c,-87,aterm-fe5eb9-g,1c:b1:7f:0e:f1:04,-60,2450,74:03:bd:cb:0b:18,-72,4-kawabe-office-G,74:03:bd:1a:2c:e0,-70,elecom2g-CB0DAC,00:90:fe:cb:0d:ae,-61,4b-302,cc:e1:d5:ea:5f:b8,-45,aterm-ee52dc-a,c0:25:a2:a7:2e:1b,-40,Buffalo-A-91EE,74:03:bd:8a:91:e7,-62,aterm-ee52dc-g,c0:25:a2:a7:2e:1a,-41,aterm-4cd953-gw,02:3a:9d:f4:94:aa,-55,aterm-4cd953-aw,02:3a:9d:f4:94:ab,-61,elecom5g-CB0DAC,00:90:fe:cb:0d:af,-78,4-kawabe-office-A,74:03:bd:1a:2c:e5,-82,kajilab-a,00:3a:9d:f4:94:ab,-61,e-timer-CB0DAC,02:90:fe:cb:0d:ae,-58,3F-Naito-Lab,74:03:bd:7c:01:a0,-65,3F-Naito-Lab 5GHz,74:03:bd:7c:01:a7,-73,SET-Wireless-AP-11ac,c0:25:a2:c9:57:2b,-78,kajilab-g,00:3a:9d:f4:94:aa,-55,okamoto room2,74:03:bd:8a:91:e0,-57,setcamera,b8:27:eb:a2:c8:8d,-70,SET-Wireless-AP,c0:25:a2:c9:57:2a,-71,aterm-fe5eb9-gw,1e:b1:7f:0e:f1:04,-63,NULL,d2:25:a2:c9:57:2a,-85,2.4GHz-ngb-clab,74:03:bd:2e:cc:32,-71,everystamp755,ac:3f:a4:65:73:4f,-84,AM-MIZUNO,90:84:0d:d5:9a:03,-86,DIRECT-8C78A161,66:eb:8c:78:21:61,-77,5GHz-anac-clab,74:03:bd:2e:cc:33,-85,4-kawabe-lab-204,00:16:01:57:b7:11,-76,4b-matslaboEX,b0:c7:45:c9:0d:d0,-87,,,,,,,,,,,,
2017/5/1 11:15,RoomD,a9d71355-6595-1801-b7ea-001c4d678e7c,33,3,-52,a9d71355-6595-1801-b7ea-001c4d678e7c,32,1,-67,a9d71355-6595-1801-b7ea-001c4d678e7c,32,2,-72,ait-wnet_A,00:24:a5:7b:aa:30,-81,ait-wnet,00:24:a5:7b:b2:80,-61,2450-A,74:03:bd:cb:0b:1c,-82,aterm-fe5eb9-g,1c:b1:7f:0e:f1:04,-68,2450,74:03:bd:cb:0b:18,-65,4-kawabe-office-G,74:03:bd:1a:2c:e0,-72,elecom2g-CB0DAC,00:90:fe:cb:0d:ae,-68,4b-302,cc:e1:d5:ea:5f:b8,-45,aterm-ee52dc-a,c0:25:a2:a7:2e:1b,-38,Buffalo-A-91EE,74:03:bd:8a:91:e7,-61,aterm-ee52dc-g,c0:25:a2:a7:2e:1a,-35,aterm-4cd953-gw,02:3a:9d:f4:94:aa,-57,aterm-4cd953-aw,02:3a:9d:f4:94:ab,-58,elecom5g-CB0DAC,00:90:fe:cb:0d:af,-79,4-kawabe-office-A,74:03:bd:1a:2c:e5,-79,kajilab-a,00:3a:9d:f4:94:ab,-61,e-timer-CB0DAC,02:90:fe:cb:0d:ae,-67,3F-Naito-Lab,74:03:bd:7c:01:a0,-67,3F-Naito-Lab 5GHz,74:03:bd:7c:01:a7,-77,SET-Wireless-AP-11ac,c0:25:a2:c9:57:2b,-80,kajilab-g,00:3a:9d:f4:94:aa,-57,okamoto room2,74:03:bd:8a:91:e0,-57,setcamera,b8:27:eb:a2:c8:8d,-68,SET-Wireless-AP,c0:25:a2:c9:57:2a,-74,aterm-fe5eb9-gw,1e:b1:7f:0e:f1:04,-68,NULL,d2:25:a2:c9:57:2a,-70,everystamp755,ac:3f:a4:65:73:4f,-88,DIRECT-8C78A161,66:eb:8c:78:21:61,-73,5GHz-anac-clab,74:03:bd:2e:cc:33,-86,4-kawabe-lab-204,5a:55:e2:bd:9b:f5,-80,,,,,,,,,,,,,,,,,,,,,
2017/5/1 16:36,RoomE,a9d71355-6595-1801-b7ea-001c4d678e7c,34,3,-67,a9d71355-6595-1801-b7ea-001c4d678e7c,34,2,-62,,,,,ait-wnet,4c:e6:76:82:40:60,-45,ait-wnet_A,4c:e6:76:82:84:d0,-49,iPhone,6e:7c:5f:45:b9:ac,-33,shocktube,00:16:01:da:6d:1b,-80,ait-wnet_A,4c:e6:76:82:85:90,-86,ait-wnet,4c:e6:76:82:40:b0,-77,onogi-lab_a,74:03:bd:de:c0:50,-83,n-itolab-n,00:a0:de:e2:6b:68,-86,,,,,,,,,,,,,,,,,,,,,,,,,,,,,,,,,,,,,,,,,,,,,,,,,,,,,,,,,,,,,,,,,,,,,,,,,,,,,,,,,,,,,,,
2017/5/1 16:36,RoomE,a9d71355-6595-1801-b7ea-001c4d678e7c,34,3,-62,a9d71355-6595-1801-b7ea-001c4d678e7c,34,2,-69,,,,,ait-wnet,4c:e6:76:82:40:60,-41,ait-wnet_A,4c:e6:76:82:84:d0,-45,iPhone,6e:7c:5f:45:b9:ac,-33,shocktube,00:16:01:da:6d:1b,-80,ait-wnet_A,4c:e6:76:82:85:90,-86,ait-wnet,4c:e6:76:82:40:b0,-77,onogi-lab_a,74:03:bd:de:c0:50,-83,n-itolab-n,00:a0:de:e2:6b:68,-86,Popcul2,0c:51:01:e6:e9:8a,-86,Buffalo-G-3218,74:03:bd:ed:32:19,-87,clabpro_G,00:24:a5:7b:d1:70,-87,ait-wnet,00:16:01:04:c4:df,-87,,,,,,,,,,,,,,,,,,,,,,,,,,,,,,,,,,,,,,,,,,,,,,,,,,,,,,,,,,,,,,,,,,,,,,,,,,,
2017/5/1 16:37,RoomE,a9d71355-6595-1801-b7ea-001c4d678e7c,34,3,-63,a9d71355-6595-1801-b7ea-001c4d678e7c,34,2,-60,,,,,ait-wnet,4c:e6:76:82:40:60,-44,ait-wnet_A,4c:e6:76:82:84:d0,-48,iPhone,6e:7c:5f:45:b9:ac,-30,shocktube,00:16:01:da:6d:1b,-80,ait-wnet_A,4c:e6:76:82:85:90,-86,ait-wnet,4c:e6:76:82:40:b0,-80,Popcul2,0c:51:01:e6:e9:8a,-85,Buffalo-G-3218,74:03:bd:ed:32:19,-87,clabpro_G,00:24:a5:7b:d1:70,-87,ait-wnet,00:16:01:04:c4:df,-87,,,,,,,,,,,,,,,,,,,,,,,,,,,,,,,,,,,,,,,,,,,,,,,,,,,,,,,,,,,,,,,,,,,,,,,,,,,,,,,,,
2017/5/1 16:37,RoomE,a9d71355-6595-1801-b7ea-001c4d678e7c,34,3,-74,a9d71355-6595-1801-b7ea-001c4d678e7c,34,2,-53,,,,,ait-wnet,4c:e6:76:82:40:60,-40,ait-wnet_A,4c:e6:76:82:84:d0,-44,iPhone,6e:7c:5f:45:b9:ac,-34,shocktube,00:16:01:da:6d:1b,-83,ait-wnet_A,4c:e6:76:82:85:90,-87,ait-wnet,4c:e6:76:82:40:b0,-80,Popcul2,0c:51:01:e6:e9:8a,-85,n-itolab-n,00:a0:de:e2:6b:68,-89,,,,,,,,,,,,,,,,,,,,,,,,,,,,,,,,,,,,,,,,,,,,,,,,,,,,,,,,,,,,,,,,,,,,,,,,,,,,,,,,,,,,,,,
2017/5/1 16:37,RoomE,a9d71355-6595-1801-b7ea-001c4d678e7c,34,3,-63,a9d71355-6595-1801-b7ea-001c4d678e7c,34,2,-59,,,,,ait-wnet,4c:e6:76:82:40:60,-38,ait-wnet_A,4c:e6:76:82:84:d0,-44,iPhone,6e:7c:5f:45:b9:ac,-34,shocktube,00:16:01:da:6d:1b,-83,ait-wnet_A,4c:e6:76:82:85:90,-87,ait-wnet,4c:e6:76:82:40:b0,-80,n-itolab-n,00:a0:de:e2:6b:68,-89,n-itolab-g,00:a0:de:e2:6b:69,-86,,,,,,,,,,,,,,,,,,,,,,,,,,,,,,,,,,,,,,,,,,,,,,,,,,,,,,,,,,,,,,,,,,,,,,,,,,,,,,,,,,,,,,,
2017/5/1 16:37,RoomE,a9d71355-6595-1801-b7ea-001c4d678e7c,34,3,-72,,,,,,,,,ait-wnet,4c:e6:76:82:40:60,-40,ait-wnet_A,4c:e6:76:82:84:d0,-43,iPhone,6e:7c:5f:45:b9:ac,-32,shocktube,00:16:01:da:6d:1b,-83,ait-wnet_A,4c:e6:76:82:85:90,-86,n-itolab-g,00:a0:de:e2:6b:69,-86,Popcul2,0c:51:01:e6:e9:8a,-81,WOK2,04:1e:64:9a:7f:ab,-83,,,,,,,,,,,,,,,,,,,,,,,,,,,,,,,,,,,,,,,,,,,,,,,,,,,,,,,,,,,,,,,,,,,,,,,,,,,,,,,,,,,,,,,
2017/5/1 16:37,RoomE,a9d71355-6595-1801-b7ea-001c4d678e7c,34,3,-79,a9d71355-6595-1801-b7ea-001c4d678e7c,34,2,-79,,,,,ait-wnet,4c:e6:76:82:40:60,-40,ait-wnet_A,4c:e6:76:82:84:d0,-43,iPhone,6e:7c:5f:45:b9:ac,-32,shocktube,00:16:01:da:6d:1b,-83,ait-wnet_A,4c:e6:76:82:85:90,-85,Popcul2,0c:51:01:e6:e9:8a,-88,WOK2,04:1e:64:9a:7f:ab,-83,ait-wnet,4c:e6:76:82:40:b0,-82,onogi-lab_a,74:03:bd:de:c0:50,-86,n-itolab-n,00:a0:de:e2:6b:68,-87,,,,,,,,,,,,,,,,,,,,,,,,,,,,,,,,,,,,,,,,,,,,,,,,,,,,,,,,,,,,,,,,,,,,,,,,,,,,,,,,,
2017/5/1 16:37,RoomE,a9d71355-6595-1801-b7ea-001c4d678e7c,34,3,-73,a9d71355-6595-1801-b7ea-001c4d678e7c,34,2,-66,,,,,ait-wnet,4c:e6:76:82:40:60,-44,ait-wnet_A,4c:e6:76:82:84:d0,-41,iPhone,6e:7c:5f:45:b9:ac,-30,shocktube,00:16:01:da:6d:1b,-81,ait-wnet_A,4c:e6:76:82:85:90,-85,Popcul2,0c:51:01:e6:e9:8a,-88,ait-wnet,4c:e6:76:82:40:b0,-80,onogi-lab_a,74:03:bd:de:c0:50,-85,n-itolab-n,00:a0:de:e2:6b:68,-87,Buffalo-A-3218,74:03:bd:ed:32:1a,-89,onogi-lab_g,74:03:bd:de:c0:57,-90,ait-wnet,4c:e6:76:82:87:70,-82,n-itolab-g,00:a0:de:e2:6b:69,-89,,,,,,,,,,,,,,,,,,,,,,,,,,,,,,,,,,,,,,,,,,,,,,,,,,,,,,,,,,,,,,,,,,,,,,,,
2017/5/1 16:38,RoomE,a9d71355-6595-1801-b7ea-001c4d678e7c,34,3,-74,a9d71355-6595-1801-b7ea-001c4d678e7c,34,2,-61,,,,,ait-wnet,4c:e6:76:82:40:60,-44,ait-wnet_A,4c:e6:76:82:84:d0,-46,iPhone,6e:7c:5f:45:b9:ac,-34,shocktube,00:16:01:da:6d:1b,-80,ait-wnet_A,4c:e6:76:82:85:90,-86,ait-wnet,4c:e6:76:82:40:b0,-80,onogi-lab_a,74:03:bd:de:c0:50,-85,Buffalo-A-3218,74:03:bd:ed:32:1a,-89,onogi-lab_g,74:03:bd:de:c0:57,-90,ait-wnet,4c:e6:76:82:87:70,-82,n-itolab-g,00:a0:de:e2:6b:69,-89,WOK2,04:1e:64:9a:7f:ab,-82,sawano-lab,4c:32:75:c6:2b:02,-84,everystamp755,ac:3f:a4:65:73:4f,-84,clabpro_G,00:24:a5:7b:d1:70,-84,ait-wnet,00:16:01:04:c5:19,-87,ait-wnet,00:16:01:04:c2:51,-87,Okuken2,00:16:01:34:09:6f,-83,,,,,,,,,,,,,,,,,,,,,,,,,,,,,,,,,,,,,,,,,,,,,,,,,,,,,,,,,
2017/5/1 16:38,RoomE,a9d71355-6595-1801-b7ea-001c4d678e7c,34,3,-57,a9d71355-6595-1801-b7ea-001c4d678e7c,34,2,-64,,,,,ait-wnet,4c:e6:76:82:40:60,-44,ait-wnet_A,4c:e6:76:82:84:d0,-53,iPhone,6e:7c:5f:45:b9:ac,-35,shocktube,00:16:01:da:6d:1b,-81,ait-wnet_A,4c:e6:76:82:85:90,-86,ait-wnet,4c:e6:76:82:40:b0,-80,WOK2,04:1e:64:9a:7f:ab,-82,sawano-lab,4c:32:75:c6:2b:02,-84,everystamp755,ac:3f:a4:65:73:4f,-84,clabpro_G,00:24:a5:7b:d1:70,-84,ait-wnet,00:16:01:04:c5:19,-86,ait-wnet,00:16:01:04:c2:51,-87,Okuken2,00:16:01:34:09:6f,-81,n-itolab-n,00:a0:de:e2:6b:68,-86,Buffalo-G-3218,74:03:bd:ed:32:19,-88,wx03-2eeb8c,98:f1:99:32:33:6e,-88,,,,,,,,,,,,,,,,,,,,,,,,,,,,,,,,,,,,,,,,,,,,,,,,,,,,,,,,,,,,,,,
